{
	"basic-pizza": {
		"strong-flour": 0.61349693,
		"water": 0.36809816,
		"dry-yeast": 0.00613497,
		"salt": 0.01226994
	}
}
