{
	"white-flour": 0.57636888,
	"unsalted-butter": 0.18011527,
	"egg": 0.09365994,
	"lukewarm-water": 0.14409222,
	"salt": 0.00576369
}
