{
    "white-flour": 0.286561265,
    "water": 0.340909091,
    "salt": 0.011857708,
    "whole-wheat-flour": 0.212450593,
    "sourdough": 0.1482
}